,betweenness,closeness,degree,eigenvector
0,2.3324224033e-05,0.647969052224,0.45671641791,0.00617098397433
1,0.000147347025918,0.92032967033,0.913432835821,0.049510577019
2,0.000228869621475,0.961262553802,0.959701492537,0.041403289972
3,0.000278172059059,0.979532163743,0.979104477612,0.0450404473369
4,0.000226291293251,0.959885386819,0.958208955224,0.0371582447856
5,0.000108563073368,0.835411471322,0.802985074627,0.019537867966
6,0.00023580969624,0.958512160229,0.95671641791,0.0503917198134
7,0.000272134030645,0.980966325037,0.980597014925,0.056800890849
8,0.000201378738978,0.935754189944,0.931343283582,0.0318938595189
9,0.000132258049608,0.894526034713,0.882089552239,0.0269659966616
10,9.2161426301e-05,0.838548185232,0.807462686567,0.0136832869967
11,0.00013676011005,0.864516129032,0.84328358209,0.0121729561181
12,0.000215297307084,0.944992947814,0.941791044776,0.0398474342234
13,4.34205641089e-05,0.723542116631,0.617910447761,0.0132827306691
14,0.000337978468354,1.0,1.0,0.0587108045376
15,8.37034674567e-05,0.848101265823,0.820895522388,0.0234135702222
16,0.000290836325547,0.989660265879,0.989552238806,0.0438439046404
17,7.28333259102e-05,0.827160493827,0.791044776119,0.0211440812311
18,0.000307227373259,0.992592592593,0.992537313433,0.0574944203663
19,0.000259004444288,0.973837209302,0.973134328358,0.0441926425541
20,0.000266653099225,0.97667638484,0.976119402985,0.0514286148381
21,0.000286399496233,0.988200589971,0.988059701493,0.0552429848418
22,0.000328562005519,0.998509687034,0.998507462687,0.0567182703532
23,6.15894155537e-05,0.842767295597,0.813432835821,0.0380056485347
24,5.17129092865e-05,0.799522673031,0.749253731343,0.0202545526513
25,0.000253815610022,0.97667638484,0.976119402985,0.0493383354033
26,9.94607495321e-05,0.863402061856,0.841791044776,0.0295481603539
27,0.000121764368789,0.850253807107,0.823880597015,0.0189441159522
28,4.38942882877e-05,0.703781512605,0.579104477612,0.0109706014124
29,0.000337978468354,1.0,1.0,0.0531969054566
30,0.000230032591936,0.953058321479,0.950746268657,0.0394537193299
31,8.15998628481e-05,0.84917617237,0.822388059701,0.0482519688609
32,0.000193888246009,0.915300546448,0.907462686567,0.0185488232096
33,0.000275075078129,0.980966325037,0.980597014925,0.0454489327591
34,3.2691936724e-05,0.655577299413,0.474626865672,0.00534653222506
35,0.000227012724138,0.961262553802,0.959701492537,0.0407984054204
36,0.000111852727188,0.878112712975,0.861194029851,0.0217814800661
37,0.000204860097242,0.942334739803,0.938805970149,0.035881384443
38,0.000142556192331,0.902964959569,0.892537313433,0.0368882494118
39,7.0036331286e-05,0.809178743961,0.764179104478,0.0248654095325
40,0.000283611998017,0.979532163743,0.979104477612,0.0336214013857
41,0.000197242688225,0.957142857143,0.955223880597,0.0547588659012
42,0.000289218607775,0.978102189781,0.977611940299,0.034421590814
43,5.21197111494e-05,0.803357314149,0.755223880597,0.023522554273
44,3.69721526876e-05,0.694300518135,0.559701492537,0.00767298187731
45,8.0152686459e-05,0.766590389016,0.69552238806,0.0131398466191
46,9.44709430351e-05,0.885072655218,0.870149253731,0.0481698006852
47,0.000306704554013,0.989660265879,0.989552238806,0.0367931462097
48,0.000218755719025,0.93837535014,0.934328358209,0.0247544816453
49,9.14406737282e-05,0.885072655218,0.870149253731,0.0523778986244
50,2.96561283203e-05,0.669330669331,0.505970149254,0.00681060340633
51,7.23402945443e-05,0.773672055427,0.707462686567,0.011308752152
52,9.60345542984e-05,0.812121212121,0.768656716418,0.0150476664147
53,7.89983792782e-05,0.801435406699,0.75223880597,0.013950279619
54,8.11038738581e-05,0.835411471322,0.802985074627,0.0233535613338
55,0.000327885139001,0.998509687034,0.998507462687,0.0451128756942
56,0.000290586180438,0.982404692082,0.982089552239,0.0423250737818
57,0.000120895080837,0.8375,0.805970149254,0.0125348434526
58,0.000248883602643,0.975254730713,0.974626865672,0.0489387579853
59,0.000145606951273,0.890957446809,0.877611940299,0.0212110135638
60,0.000278996628127,0.975254730713,0.974626865672,0.0358895711323
61,9.74725999814e-05,0.856777493606,0.832835820896,0.0218044467045
62,0.000226115397438,0.968208092486,0.967164179104,0.0466336260675
63,5.39012521496e-05,0.847029077118,0.819402985075,0.049369776746
64,4.27619823104e-05,0.761363636364,0.686567164179,0.0152970571463
65,0.000187568750253,0.934449093445,0.929850746269,0.041270294204
66,0.000209499980489,0.953058321479,0.950746268657,0.0443143361888
67,0.000289808819247,0.986745213549,0.986567164179,0.0505344623562
68,0.000243412943848,0.968208092486,0.967164179104,0.0468480653299
69,0.000127107745536,0.847029077118,0.819402985075,0.0199433796025
70,3.3427788253e-05,0.746102449889,0.659701492537,0.0101671548801
71,0.000258347928947,0.978102189781,0.977611940299,0.0532505422456
72,0.000337978468354,1.0,1.0,0.0570883433675
73,0.000190074634718,0.935754189944,0.931343283582,0.036091468379
74,0.00027809656592,0.985294117647,0.985074626866,0.04576466423
75,1.73139471306e-05,0.632075471698,0.417910447761,0.00471545268482
76,0.00032272147031,0.997023809524,0.997014925373,0.0630606088512
77,0.000326828873576,0.997023809524,0.997014925373,0.0550552412753
78,0.0002047554037,0.944992947814,0.941791044776,0.0455983053522
79,7.58621429197e-05,0.813106796117,0.770149253731,0.0197047276415
80,0.000119813204319,0.855683269476,0.831343283582,0.01294807413
81,8.09558280614e-05,0.871261378414,0.85223880597,0.0573224886534
82,0.000264456507883,0.979532163743,0.979104477612,0.0333633552268
83,0.000177452144863,0.943661971831,0.940298507463,0.0384315461442
84,0.000209530919764,0.951704545455,0.949253731343,0.0549325222465
85,0.000241953208918,0.969609261939,0.968656716418,0.0413953669048
86,9.39672996562e-05,0.86118251928,0.838805970149,0.0263673257851
87,0.000290884503608,0.991124260355,0.991044776119,0.0648294443747
88,0.000230498810882,0.965417867435,0.964179104478,0.0505760308356
89,0.000120560385006,0.871261378414,0.85223880597,0.0232919639064
90,0.000218532915393,0.959885386819,0.958208955224,0.0398326467436
91,0.000210974752401,0.958512160229,0.95671641791,0.0602665271343
92,0.000277917196494,0.982404692082,0.982089552239,0.0523990489778
93,0.000297529851434,0.989660265879,0.989552238806,0.057685422996
94,0.000320760287839,0.992592592593,0.992537313433,0.0316646641712
95,0.000184784561672,0.89932885906,0.888059701493,0.017350085658
96,0.000265541878148,0.980966325037,0.980597014925,0.0494107961779
97,0.000209837213273,0.933147632312,0.928358208955,0.0224866809531
98,0.00031104391406,0.989660265879,0.989552238806,0.0461956702091
99,3.97903369491e-05,0.788235294118,0.731343283582,0.0240977053075
100,0.000196550988804,0.944992947814,0.941791044776,0.0410234173418
101,0.000333000511898,0.997023809524,0.997014925373,0.0413575125126
102,0.000206774178402,0.953058321479,0.950746268657,0.0328743080012
103,0.000156075641687,0.917808219178,0.910447761194,0.0311308733775
104,0.000337978468354,1.0,1.0,0.0616267674891
105,0.000102910114193,0.81015719468,0.765671641791,0.015201289724
106,7.03822774168e-05,0.827160493827,0.791044776119,0.0213489647228
107,5.37857307518e-05,0.844892812106,0.816417910448,0.0527769395008
108,0.000121704202598,0.896921017403,0.885074626866,0.0332506339935
109,0.000225271984398,0.958512160229,0.95671641791,0.0515167329056
110,0.000322805627723,0.995542347697,0.99552238806,0.0570385006385
111,5.19008324758e-05,0.814094775213,0.771641791045,0.0229961649139
112,4.00260143143e-05,0.710498409332,0.592537313433,0.010075014919
113,4.18017797881e-05,0.809178743961,0.764179104478,0.0411755244498
114,0.000174433661305,0.927977839335,0.922388059701,0.0350099025713
115,0.000119619104103,0.914051841746,0.905970149254,0.0488579804572
116,0.000110015097874,0.826140567201,0.789552238806,0.0137383621788
117,0.000285477819952,0.979532163743,0.979104477612,0.0421473234591
118,0.000337978468354,1.0,1.0,0.0563030161184
119,0.000273231709321,0.983847283407,0.983582089552,0.0519566631599
120,0.000194134120936,0.950354609929,0.94776119403,0.0542627107522
121,0.000122879345575,0.901749663526,0.891044776119,0.0398813135096
122,5.42671609069e-05,0.746934225195,0.661194029851,0.00997015186989
123,0.000218805204846,0.964028776978,0.962686567164,0.0531672040973
124,0.000318633755302,0.995542347697,0.99552238806,0.06189905234
125,0.000169938522309,0.929264909847,0.923880597015,0.0528903571758
126,4.35973026128e-05,0.792899408284,0.738805970149,0.026128931509
127,0.000321311645233,0.992592592593,0.992537313433,0.0392333304806
128,6.38947436876e-05,0.784543325527,0.725373134328,0.0129561337786
129,0.000328562005519,0.998509687034,0.998507462687,0.0666397442396
130,9.74801967127e-05,0.855683269476,0.831343283582,0.0239481004819
131,0.000155339774922,0.894526034713,0.882089552239,0.0197091500527
132,0.000218564390722,0.942334739803,0.938805970149,0.0254967089439
133,0.000333077040329,0.998509687034,0.998507462687,0.0656521421816
134,2.16467218531e-05,0.681586978637,0.532835820896,0.00736733041682
135,0.000197480835905,0.946327683616,0.94328358209,0.03896443784
136,0.000270293931696,0.975254730713,0.974626865672,0.0456192318239
137,0.000206940842821,0.958512160229,0.95671641791,0.0424888013862
138,0.000196565459033,0.941011235955,0.937313432836,0.0350702944001
139,0.000130948368063,0.902964959569,0.892537313433,0.0267374262462
140,0.000165695226799,0.901749663526,0.891044776119,0.0281223262715
141,0.000136637677215,0.92032967033,0.913432835821,0.026883712062
142,0.000188079699058,0.93837535014,0.934328358209,0.0349546413344
143,9.51838030128e-05,0.896921017403,0.885074626866,0.056198234537
144,8.5247976861e-05,0.880420499343,0.864179104478,0.0541307371904
145,0.000232375816412,0.968208092486,0.967164179104,0.054930927754
146,0.000143352289214,0.892143808256,0.879104477612,0.0244329564405
147,0.000253794967492,0.975254730713,0.974626865672,0.0355203304227
148,0.000264905558968,0.978102189781,0.977611940299,0.0380952741657
149,0.000337978468354,1.0,1.0,0.0583619264798
150,0.000117027833967,0.909090909091,0.9,0.0603197926735
151,0.000301532804394,0.989660265879,0.989552238806,0.0643972165099
152,0.000203012444541,0.941011235955,0.937313432836,0.0299987884041
153,4.70165103389e-05,0.763968072976,0.691044776119,0.015845470421
154,0.000197974709836,0.947666195191,0.944776119403,0.0437074531806
155,9.57264280912e-05,0.802395209581,0.753731343284,0.0121618902746
156,0.00027067036474,0.982404692082,0.982089552239,0.0464182647196
157,2.16285484031e-05,0.649224806202,0.459701492537,0.00534107817605
158,0.000252493476956,0.979532163743,0.979104477612,0.0602680711798
159,0.000217287962328,0.949008498584,0.946268656716,0.0324789212211
160,0.000174098914228,0.93837535014,0.934328358209,0.0577069626218
161,2.61038793098e-05,0.732240437158,0.634328358209,0.0162041531261
162,0.000235404066934,0.966810966811,0.965671641791,0.0500120554036
163,0.000237794052733,0.968208092486,0.967164179104,0.0430531562371
164,0.000332003307986,0.998509687034,0.998507462687,0.0560117394687
165,0.00017129180673,0.924137931034,0.917910447761,0.0292875523416
166,9.89428453685e-05,0.828182941904,0.792537313433,0.0186518310624
167,0.000192268135919,0.958512160229,0.95671641791,0.056096166177
168,0.00018987733669,0.907859078591,0.898507462687,0.0265542512434
169,5.05715627878e-05,0.743618201998,0.655223880597,0.0113521837047
170,0.000166271214239,0.902964959569,0.892537313433,0.0268761613912
171,0.000101717396302,0.889774236388,0.876119402985,0.0446324771118
172,0.00011583511943,0.850253807107,0.823880597015,0.0225091729309
173,3.07032701657e-05,0.703043022036,0.577611940299,0.00965937978828
174,0.000239192100811,0.968208092486,0.967164179104,0.0403277793214
175,0.000265025236911,0.979532163743,0.979104477612,0.0376935654545
176,0.000290744536506,0.979532163743,0.979104477612,0.04595713645
177,0.000249302800435,0.97667638484,0.976119402985,0.048128052184
178,7.30232667647e-05,0.777262180974,0.713432835821,0.0172180471625
179,8.81006361195e-05,0.840652446675,0.810447761194,0.0218894244182
180,9.36665262564e-05,0.84917617237,0.822388059701,0.0238865307785
181,0.000175377329227,0.919067215364,0.911940298507,0.0407240992388
182,0.000173175230393,0.946327683616,0.94328358209,0.0418910216359
183,0.000119265133924,0.910326086957,0.901492537313,0.0492948904165
184,0.000331121606724,0.998509687034,0.998507462687,0.0512365459444
185,9.06182188733e-05,0.791962174941,0.737313432836,0.0222689135891
186,0.00031330991207,0.992592592593,0.992537313433,0.0416015622304
187,0.000218143990371,0.953058321479,0.950746268657,0.056606050724
188,0.0002768295548,0.965417867435,0.964179104478,0.0257235898782
189,8.69600159354e-05,0.790094339623,0.734328358209,0.0150980340944
190,6.67412558298e-05,0.860077021823,0.837313432836,0.0566777258152
191,0.00014218839695,0.919067215364,0.911940298507,0.0503819765763
192,0.000228472717658,0.958512160229,0.95671641791,0.0345721860025
193,0.000101009978275,0.893333333333,0.880597014925,0.0531102106369
194,0.000331806418889,0.997023809524,0.997014925373,0.0474197310621
195,0.000148739730508,0.839598997494,0.808955223881,0.0115105879636
196,0.000177190406917,0.915300546448,0.907462686567,0.0299830079786
197,0.000159368868186,0.856777493606,0.832835820896,0.0237248527071
198,0.00031245819336,0.991124260355,0.991044776119,0.0459991441029
199,0.000285178200992,0.983847283407,0.983582089552,0.0401682888991
200,0.000254826566408,0.97667638484,0.976119402985,0.0584547084653
201,0.000155119426743,0.907859078591,0.898507462687,0.0193423877131
202,0.000109118591496,0.841708542714,0.811940298507,0.019786062795
203,4.86433164116e-05,0.781796966161,0.720895522388,0.0128403291105
204,0.0002121010481,0.959885386819,0.958208955224,0.0326910015557
205,9.07351205232e-05,0.830235439901,0.79552238806,0.0231610340598
206,0.000148358709335,0.852417302799,0.826865671642,0.0143610419784
207,0.00010881661841,0.872395833333,0.853731343284,0.0211557248811
208,4.85531508738e-05,0.711252653928,0.594029850746,0.00987794411084
209,8.76809143793e-05,0.838548185232,0.807462686567,0.0211359051555
210,0.000157303976756,0.902964959569,0.892537313433,0.0264745879552
211,0.000337978468354,1.0,1.0,0.0639001725715
212,0.000337978468354,1.0,1.0,0.0444566967645
213,0.000331767697085,0.997023809524,0.997014925373,0.0570398097102
214,0.000165070890501,0.925414364641,0.919402985075,0.0316509361653
215,0.000228669393222,0.961262553802,0.959701492537,0.0433098787134
216,0.000212200407168,0.950354609929,0.94776119403,0.0328374943284
217,0.000157927585661,0.925414364641,0.919402985075,0.0340531297543
218,0.000278922570327,0.983847283407,0.983582089552,0.0492285301585
219,0.000324239348119,0.995542347697,0.99552238806,0.0484319531099
220,3.13684140579e-05,0.728260869565,0.626865671642,0.0129648627872
221,3.90393070332e-05,0.705263157895,0.582089552239,0.00637963955664
222,5.62074441257e-05,0.817073170732,0.776119402985,0.02258739615
223,0.000155858146603,0.926694329184,0.920895522388,0.0346161129815
224,6.98398974659e-05,0.862290862291,0.840298507463,0.0534342007933
225,6.6187795263e-05,0.765714285714,0.694029850746,0.00881507856728
226,8.20894812762e-06,0.602517985612,0.340298507463,0.00297529532122
227,0.000168854983525,0.924137931034,0.917910447761,0.0371980177912
228,5.81239043261e-05,0.741150442478,0.650746268657,0.0122032733929
229,0.00018884725586,0.941011235955,0.937313432836,0.0319786386639
230,0.000132888664469,0.895721925134,0.883582089552,0.03137215913
231,0.000326073463156,0.995542347697,0.99552238806,0.0486395400585
232,4.15868317914e-05,0.757918552036,0.680597014925,0.016803486915
233,0.000233690479392,0.964028776978,0.962686567164,0.0401254475366
234,0.000273841003472,0.983847283407,0.983582089552,0.047901889041
235,0.000259031070208,0.97667638484,0.976119402985,0.0285602301924
236,0.000174394234947,0.946327683616,0.94328358209,0.0513088468887
237,0.000128197108603,0.892143808256,0.879104477612,0.0232913962833
238,0.000306918842678,0.983847283407,0.983582089552,0.0299020002064
239,0.000295178990606,0.989660265879,0.989552238806,0.0516254605934
240,0.000159070295062,0.926694329184,0.920895522388,0.0472828591389
241,0.000322012107537,0.994065281899,0.994029850746,0.0536506236644
242,0.00033106349516,0.998509687034,0.998507462687,0.0594630288871
243,0.000183512377025,0.946327683616,0.94328358209,0.0400774800988
244,0.000277388674912,0.979532163743,0.979104477612,0.0450594207179
245,7.08838398171e-05,0.830235439901,0.79552238806,0.0263952967935
246,0.000325390698086,0.995542347697,0.99552238806,0.0510891691621
247,0.000223604096658,0.957142857143,0.955223880597,0.0308942604863
248,3.44957662688e-05,0.804321728691,0.75671641791,0.0378981040398
249,0.000178563910169,0.927977839335,0.922388059701,0.0344292251037
250,0.000175152628239,0.935754189944,0.931343283582,0.035227590174
251,8.9319606518e-05,0.84595959596,0.817910447761,0.0242548231295
252,0.000327885139001,0.998509687034,0.998507462687,0.062424785134
253,0.00025410511246,0.972423802612,0.971641791045,0.0420427490857
254,0.000267226571142,0.961262553802,0.959701492537,0.0233201738326
255,3.3751014952e-05,0.751121076233,0.668656716418,0.0168082362801
256,0.000194971411846,0.942334739803,0.938805970149,0.025757412271
257,3.00144432973e-05,0.736263736264,0.641791044776,0.00861665589663
258,0.000116071914411,0.893333333333,0.880597014925,0.0231815668645
259,0.000110603244622,0.894526034713,0.882089552239,0.0344630789581
260,0.000158668161721,0.941011235955,0.937313432836,0.0519816374074
261,0.000328582797362,0.998509687034,0.998507462687,0.0384241255912
262,0.000251934392029,0.971014492754,0.970149253731,0.0336062214641
263,9.73552176523e-05,0.840652446675,0.810447761194,0.020671514266
264,0.000246614026297,0.947666195191,0.944776119403,0.0263335516887
265,0.000123266371847,0.905405405405,0.89552238806,0.0523773145083
266,0.000141035456337,0.907859078591,0.898507462687,0.0319566975156
267,0.000327885139001,0.998509687034,0.998507462687,0.0763076984116
268,2.36975719435e-05,0.683673469388,0.537313432836,0.00900710367681
269,0.000172847395787,0.925414364641,0.919402985075,0.0280606305284
270,0.000209476401399,0.962643678161,0.961194029851,0.053700618801
271,8.09086695593e-05,0.854591836735,0.829850746269,0.0204331092043
272,0.000170147108086,0.9396914446,0.935820895522,0.0386334050702
273,0.000130127683527,0.887417218543,0.873134328358,0.024965545231
274,0.000289110984255,0.986745213549,0.986567164179,0.040433119333
275,5.45561716961e-05,0.750279955207,0.667164179104,0.0104405680599
276,0.000122097758233,0.900537634409,0.889552238806,0.0294565456421
277,0.000103475803557,0.871261378414,0.85223880597,0.017259153319
278,9.05854344166e-05,0.885072655218,0.870149253731,0.0625631911037
279,9.51797169735e-05,0.835411471322,0.802985074627,0.0175812423338
280,0.000218327022507,0.962643678161,0.961194029851,0.0433777852943
281,0.000256584812603,0.979532163743,0.979104477612,0.0610402307721
282,0.00028265404781,0.983847283407,0.983582089552,0.0426023088506
283,6.82550639406e-05,0.809178743961,0.764179104478,0.0196718756972
284,0.000325282527492,0.995542347697,0.99552238806,0.0550779620878
285,7.02656719362e-05,0.783625730994,0.723880597015,0.0145834515066
286,0.000294537747593,0.982404692082,0.982089552239,0.0317828412935
287,0.000170139954828,0.931849791377,0.926865671642,0.0517705570765
288,1.49242692915e-05,0.604147880974,0.344776119403,0.00326315376144
289,0.000183979472247,0.925414364641,0.919402985075,0.0269695940786
290,0.000208750727405,0.953058321479,0.950746268657,0.0340770723303
291,0.000328318646623,0.997023809524,0.997014925373,0.0649049116703
292,0.000251038838782,0.95577746077,0.953731343284,0.0304197325682
293,0.000337978468354,1.0,1.0,0.0450271868209
294,0.000299318028479,0.991124260355,0.991044776119,0.0696618361648
295,4.92871376092e-05,0.749440715884,0.665671641791,0.0113987719077
296,0.000229311728696,0.965417867435,0.964179104478,0.0320173640584
297,0.000134978240249,0.896921017403,0.885074626866,0.0228587059467
298,0.000240524170974,0.957142857143,0.955223880597,0.0180588465245
299,0.000192323138009,0.943661971831,0.940298507463,0.0406424933502
300,8.9324715028e-06,0.597147950089,0.325373134328,0.00224454722305
301,7.6907553166e-05,0.831265508685,0.797014925373,0.0375105522109
302,0.000337978468354,1.0,1.0,0.0606537725129
303,0.000271836150525,0.980966325037,0.980597014925,0.0364428217564
304,0.000129168279093,0.89932885906,0.888059701493,0.0248885291448
305,0.00033503725116,0.998509687034,0.998507462687,0.0572083825337
306,0.000141089268268,0.89932885906,0.888059701493,0.029996119493
307,0.000118991499504,0.871261378414,0.85223880597,0.0262449218798
308,0.000263790007954,0.973837209302,0.973134328358,0.0445707151416
309,3.55192943153e-05,0.672016048144,0.511940298507,0.00712990669573
310,0.000337978468354,1.0,1.0,0.051389498385
311,0.000319259639516,0.995542347697,0.99552238806,0.0521127694307
312,0.000306212752126,0.992592592593,0.992537313433,0.055417477168
313,0.000120064519834,0.901749663526,0.891044776119,0.0333602679766
314,8.34298774959e-05,0.816077953715,0.774626865672,0.0137907029723
315,0.000159794358801,0.902964959569,0.892537313433,0.0339134620767
316,5.25031756534e-05,0.841708542714,0.811940298507,0.0471739519789
317,0.000122981907367,0.857874519846,0.834328358209,0.0165727400099
318,5.60297313908e-05,0.838548185232,0.807462686567,0.037313268872
319,0.000152551190672,0.904183535762,0.894029850746,0.0324959625377
320,0.000224438912543,0.935754189944,0.931343283582,0.0222432295602
321,4.65608048394e-05,0.716577540107,0.60447761194,0.0089798651231
322,0.00013050127173,0.880420499343,0.864179104478,0.0233681227527
323,0.000227920790972,0.969609261939,0.968656716418,0.0463200969715
324,3.53801668935e-05,0.666003976143,0.498507462687,0.00614614164351
325,9.2883888078e-05,0.853503184713,0.828358208955,0.0190780903864
326,0.000188752159609,0.937062937063,0.932835820896,0.0307550793544
327,0.000308278765873,0.991124260355,0.991044776119,0.0467177792577
328,4.58484562917e-05,0.804321728691,0.75671641791,0.0268574707464
329,0.000227544614363,0.954415954416,0.95223880597,0.0307922701908
330,6.84489568531e-05,0.760499432463,0.685074626866,0.00973303629693
331,4.20393161648e-05,0.737885462555,0.644776119403,0.00942610868404
332,0.000193893910375,0.933147632312,0.928358208955,0.0296910176552
333,0.000148161764634,0.917808219178,0.910447761194,0.03309152334
334,2.76944393471e-05,0.671342685371,0.510447761194,0.00761416924498
335,9.43643469888e-05,0.862290862291,0.840298507463,0.0204410537569
336,7.10516745786e-05,0.804321728691,0.75671641791,0.0222484370288
337,0.000161169479679,0.931849791377,0.926865671642,0.0557706109969
338,0.000209763059777,0.946327683616,0.94328358209,0.0347266870577
339,0.000120497651995,0.898123324397,0.886567164179,0.0349450863171
340,3.14400761788e-05,0.651117589893,0.464179104478,0.00507183581062
341,0.000311709627638,0.989660265879,0.989552238806,0.0403312485318
342,0.000112823894184,0.874673629243,0.85671641791,0.0264995784783
343,0.000265318197633,0.979532163743,0.979104477612,0.0584096161429
344,0.000294397911843,0.991124260355,0.991044776119,0.0610723355502
345,0.000315893212632,0.995542347697,0.99552238806,0.0357720917512
346,9.59736183768e-05,0.84917617237,0.822388059701,0.0328678504623
347,0.000137002073355,0.905405405405,0.89552238806,0.0217307114381
348,6.15803555143e-05,0.827160493827,0.791044776119,0.0181652676533
349,0.000278346590872,0.985294117647,0.985074626866,0.0392834874917
350,9.38990262108e-05,0.825123152709,0.788059701493,0.0160559430699
351,0.000196415716913,0.950354609929,0.94776119403,0.035150306855
352,0.00031873380762,0.995542347697,0.99552238806,0.0577572825414
353,0.000140503256812,0.919067215364,0.911940298507,0.0443428866539
354,0.000304772968172,0.994065281899,0.994029850746,0.0711400278216
355,1.45358548627e-05,0.632672332389,0.419402985075,0.00394294776198
356,8.50733058122e-05,0.826140567201,0.789552238806,0.0277174513131
357,0.000337978468354,1.0,1.0,0.0534447047259
358,0.000139552597964,0.892143808256,0.879104477612,0.0209610794812
359,0.000129815439214,0.886243386243,0.871641791045,0.0309022210686
360,0.000167165389086,0.898123324397,0.886567164179,0.0233382361315
361,0.000220060992539,0.946327683616,0.94328358209,0.0460310708254
362,0.000313680498164,0.992592592593,0.992537313433,0.0396996889009
363,7.09339715845e-05,0.835411471322,0.802985074627,0.0122276869187
364,0.000162511576937,0.898123324397,0.886567164179,0.0225632322799
365,5.23881250803e-05,0.721982758621,0.614925373134,0.00999390823526
366,0.000280680001217,0.982404692082,0.982089552239,0.0343282486358
367,0.000100029403579,0.86118251928,0.838805970149,0.0207084163271
368,0.000117664160296,0.909090909091,0.9,0.0619588882653
369,0.000236803104357,0.973837209302,0.973134328358,0.0400226674253
370,0.000205370122893,0.941011235955,0.937313432836,0.0328597635676
371,5.13811910052e-05,0.733041575492,0.635820895522,0.0117948804738
372,0.000298646841047,0.988200589971,0.988059701493,0.0398405492266
373,2.26468591594e-05,0.717344753747,0.605970149254,0.00850037938849
374,5.40933114718e-05,0.842767295597,0.813432835821,0.0514141058322
375,0.000158664834233,0.89932885906,0.888059701493,0.021856257868
376,2.89604068472e-05,0.666666666667,0.5,0.0056362427513
377,0.000219992687475,0.953058321479,0.950746268657,0.0280719336797
378,0.000220170424819,0.958512160229,0.95671641791,0.0530331931714
379,0.000337978468354,1.0,1.0,0.0534791509656
380,0.000245089113594,0.966810966811,0.965671641791,0.0305421094658
381,0.000302153864184,0.988200589971,0.988059701493,0.0328718328962
382,0.000124942944476,0.91156462585,0.902985074627,0.0407913487609
383,0.000329855297016,0.998509687034,0.998507462687,0.0488584304224
384,0.000176401292392,0.9396914446,0.935820895522,0.0576954082932
385,0.000289563618052,0.978102189781,0.977611940299,0.0296167147819
386,0.000282082322589,0.972423802612,0.971641791045,0.0268427851035
387,0.000337978468354,1.0,1.0,0.0585810414463
388,9.69175432179e-05,0.856777493606,0.832835820896,0.0346640385385
389,0.00023526078474,0.961262553802,0.959701492537,0.0467320183793
390,0.000217121001379,0.937062937063,0.932835820896,0.0266779016333
391,4.76244845236e-05,0.727470141151,0.625373134328,0.0131977202585
392,9.08746026913e-05,0.833333333333,0.8,0.0136424872792
393,0.000293135362237,0.989660265879,0.989552238806,0.0554261297654
394,6.64389978063e-05,0.814094775213,0.771641791045,0.0226459890726
395,0.000212705979527,0.949008498584,0.946268656716,0.0463340383586
396,3.00725535517e-05,0.67,0.507462686567,0.00655464350106
397,0.000181929769546,0.905405405405,0.89552238806,0.0211916316777
398,7.83768578811e-05,0.852417302799,0.826865671642,0.0390720375534
399,0.000134934073981,0.927977839335,0.922388059701,0.0657095987946
400,0.0001758619512,0.924137931034,0.917910447761,0.0292535401361
401,0.000255160424974,0.975254730713,0.974626865672,0.0326443700345
402,8.30902265295e-05,0.839598997494,0.808955223881,0.0175456951006
403,0.00010157180724,0.854591836735,0.829850746269,0.0162336384945
404,0.000336540085624,0.998509687034,0.998507462687,0.0339877353598
405,0.000125412715445,0.882740447958,0.867164179104,0.0190915805954
406,0.000333751883728,0.998509687034,0.998507462687,0.0380141831926
407,0.00029887363333,0.985294117647,0.985074626866,0.0426326291141
408,0.000104913878414,0.890957446809,0.877611940299,0.0320126812428
409,0.00012872386681,0.92032967033,0.913432835821,0.0528474601377
410,0.000134359808888,0.883905013193,0.868656716418,0.0262003598294
411,0.000314224160181,0.992592592593,0.992537313433,0.0367808714235
412,1.80891583245e-05,0.722761596548,0.616417910448,0.0181811992605
413,0.000126201109229,0.86118251928,0.838805970149,0.0116775157628
414,7.56880298119e-05,0.863402061856,0.841791044776,0.0484085088518
415,0.000151125556243,0.916552667579,0.908955223881,0.0442607185899
416,0.000254799422133,0.973837209302,0.973134328358,0.0396345411719
417,0.000244713733067,0.962643678161,0.961194029851,0.0411009387372
418,0.000195041092581,0.931849791377,0.926865671642,0.0277206798383
419,0.000245329458543,0.954415954416,0.95223880597,0.0301299898613
420,0.000113573571106,0.902964959569,0.892537313433,0.0504262689031
421,0.000232324175976,0.966810966811,0.965671641791,0.0395657141989
422,0.000319202030487,0.997023809524,0.997014925373,0.0398144654453
423,6.77134186389e-05,0.792899408284,0.738805970149,0.0133951344263
424,0.000216047586478,0.964028776978,0.962686567164,0.0467459754476
425,0.000271929993505,0.980966325037,0.980597014925,0.0425726558131
426,0.000113483306239,0.804321728691,0.75671641791,0.0160227847286
427,0.000301855701307,0.992592592593,0.992537313433,0.059409556975
428,9.07783892084e-05,0.825123152709,0.788059701493,0.02082006111
429,0.000284618446441,0.989660265879,0.989552238806,0.0688078437259
430,0.000334585891258,0.998509687034,0.998507462687,0.0531104139502
431,0.000196253425905,0.950354609929,0.94776119403,0.0448334213392
432,0.000271422618707,0.985294117647,0.985074626866,0.0568996567158
433,0.00028842947879,0.983847283407,0.983582089552,0.0424620313895
434,0.000125224671278,0.904183535762,0.894029850746,0.0310481584863
435,9.55065969009e-05,0.835411471322,0.802985074627,0.0149853925242
436,6.96875076729e-05,0.828182941904,0.792537313433,0.0356113129838
437,6.08770021379e-05,0.825123152709,0.788059701493,0.0273005331251
438,0.000311724123956,0.991124260355,0.991044776119,0.0384008363664
439,0.000117009029518,0.91156462585,0.902985074627,0.055828088815
440,0.000232525906603,0.966810966811,0.965671641791,0.0397403335587
441,0.000318179418694,0.995542347697,0.99552238806,0.0670962802445
442,9.14246469205e-05,0.886243386243,0.871641791045,0.0301082139264
443,1.63078831106e-05,0.651117589893,0.464179104478,0.00644187002921
444,5.77257307064e-05,0.833333333333,0.8,0.0274826782209
445,3.06316486338e-05,0.736263736264,0.641791044776,0.0180053692157
446,0.000177044740122,0.943661971831,0.940298507463,0.0503913345404
447,0.000104762725999,0.889774236388,0.876119402985,0.0432483337407
448,8.7138382197e-05,0.886243386243,0.871641791045,0.0539437913156
449,0.000201220198459,0.950354609929,0.94776119403,0.0420942092446
450,0.000103736644005,0.832298136646,0.798507462687,0.0154759306362
451,0.000337978468354,1.0,1.0,0.0518579976966
452,0.000209325278483,0.925414364641,0.919402985075,0.0263995670386
453,0.00015061319179,0.926694329184,0.920895522388,0.0432874907617
454,0.000125768176302,0.905405405405,0.89552238806,0.0428381384784
455,0.000161941853594,0.927977839335,0.922388059701,0.0408754620402
456,0.000332348141587,0.998509687034,0.998507462687,0.0516112281066
457,0.000228916058561,0.968208092486,0.967164179104,0.0631377129513
458,4.65652204353e-05,0.798569725864,0.74776119403,0.0251773681724
459,0.000323688464963,0.997023809524,0.997014925373,0.0482002263734
460,0.000337978468354,1.0,1.0,0.0733813939783
461,0.000147710329532,0.890957446809,0.877611940299,0.0266732485002
462,0.000337978468354,1.0,1.0,0.0627392672122
463,9.74337803667e-05,0.854591836735,0.829850746269,0.0312847827117
464,0.000113589848286,0.816077953715,0.774626865672,0.0143099014881
465,0.000328467413898,0.997023809524,0.997014925373,0.0504660075707
466,0.000169924689578,0.894526034713,0.882089552239,0.019818484488
467,0.000337978468354,1.0,1.0,0.0527888495824
468,2.42212455651e-05,0.671342685371,0.510447761194,0.00601927146689
469,0.000141319996055,0.885072655218,0.870149253731,0.013353260586
470,0.000297846551774,0.988200589971,0.988059701493,0.0419403856918
471,0.000337978468354,1.0,1.0,0.052152188439
472,0.0001661564182,0.914051841746,0.905970149254,0.0278624640715
473,0.000146995875296,0.907859078591,0.898507462687,0.0240116154581
474,0.000288123915779,0.980966325037,0.980597014925,0.0415362388572
475,0.000109852301295,0.858974358974,0.835820895522,0.0235407519109
476,3.46485502595e-05,0.688591983556,0.54776119403,0.00713418852247
477,0.000166170571863,0.922865013774,0.916417910448,0.0364595117235
478,0.000203505645649,0.943661971831,0.940298507463,0.0354461334178
479,0.000304290292509,0.992592592593,0.992537313433,0.0551010144716
480,0.000306887023112,0.991124260355,0.991044776119,0.0411960261661
481,7.99641585577e-05,0.791027154664,0.735820895522,0.010758341248
482,0.000223682604368,0.964028776978,0.962686567164,0.0461285113315
483,4.09157119116e-05,0.759637188209,0.683582089552,0.0180411296481
484,3.49906932364e-05,0.666003976143,0.498507462687,0.00567163452947
485,0.000229704932682,0.964028776978,0.962686567164,0.0368664026768
486,0.000223792314425,0.958512160229,0.95671641791,0.0499857542128
487,0.000123169749127,0.860077021823,0.837313432836,0.0195445723433
488,9.60659556593e-05,0.84595959596,0.817910447761,0.0170042930498
489,3.81093723329e-05,0.767468499427,0.697014925373,0.0175068868107
490,0.000176854578239,0.92032967033,0.913432835821,0.0255410560786
491,4.24516095392e-05,0.720430107527,0.611940298507,0.00700005725577
492,0.000223954984815,0.937062937063,0.932835820896,0.0243967415285
493,0.00020761983175,0.949008498584,0.946268656716,0.0435378461302
494,3.90105469898e-05,0.822085889571,0.783582089552,0.0495925076069
495,0.000185787334941,0.937062937063,0.932835820896,0.0500087837875
496,0.000149729323479,0.867875647668,0.84776119403,0.0242724489827
497,5.53750073872e-05,0.787309048179,0.729850746269,0.0166767101568
498,0.000100455880056,0.862290862291,0.840298507463,0.0221965460967
499,0.000319128163975,0.992592592593,0.992537313433,0.0396189617599
500,0.000228251834996,0.965417867435,0.964179104478,0.040913246648
501,0.00023260552977,0.964028776978,0.962686567164,0.0436160797914
502,0.000171797755397,0.942334739803,0.938805970149,0.042961140842
503,1.60957512101e-05,0.665342601787,0.497014925373,0.00606893863256
504,0.000327216955029,0.995542347697,0.99552238806,0.0448817109494
505,9.32549691232e-05,0.867875647668,0.84776119403,0.0295138590289
506,8.82431676439e-05,0.851334180432,0.825373134328,0.0268542439595
507,0.000125551211595,0.91280653951,0.90447761194,0.053893749444
508,0.000337978468354,1.0,1.0,0.0595222887298
509,0.000281487305389,0.980966325037,0.980597014925,0.0318129129611
510,0.000119913166195,0.876963350785,0.859701492537,0.0313586721728
511,7.75488547907e-05,0.844892812106,0.816417910448,0.0243455325473
512,5.72116697356e-05,0.855683269476,0.831343283582,0.0532795299003
513,0.000314280029992,0.994065281899,0.994029850746,0.0552481948098
514,4.61490908388e-05,0.716577540107,0.60447761194,0.0109309344018
515,0.000233125722308,0.959885386819,0.958208955224,0.049091264218
516,8.49868843077e-05,0.867875647668,0.84776119403,0.0474981931631
517,0.000337978468354,1.0,1.0,0.0519580655388
518,0.000250670518275,0.973837209302,0.973134328358,0.0357483796933
519,0.000258678813091,0.980966325037,0.980597014925,0.0612942198324
520,0.000197280935441,0.949008498584,0.946268656716,0.0401720672153
521,0.000279264093118,0.983847283407,0.983582089552,0.0421057298761
522,0.000266742924207,0.985294117647,0.985074626866,0.064000928926
523,0.000172556549614,0.895721925134,0.883582089552,0.0206936191783
524,0.000284337932553,0.982404692082,0.982089552239,0.0426864011352
525,4.39743834402e-05,0.740331491713,0.649253731343,0.015554767294
526,0.000278292612898,0.982404692082,0.982089552239,0.0555424002725
527,0.000230835883882,0.966810966811,0.965671641791,0.0368602914853
528,0.00033337577732,0.998509687034,0.998507462687,0.034111298757
529,0.000205840697563,0.942334739803,0.938805970149,0.0378080332817
530,0.00024699109667,0.966810966811,0.965671641791,0.0361703106011
531,0.000183864105901,0.924137931034,0.917910447761,0.0369709995216
532,0.000292189168264,0.985294117647,0.985074626866,0.042641287017
533,0.000322282236361,0.994065281899,0.994029850746,0.0473385384843
534,0.000132916789376,0.915300546448,0.907462686567,0.0577136693767
535,0.000154289042937,0.914051841746,0.905970149254,0.0381914076609
536,0.000286544082143,0.985294117647,0.985074626866,0.0481167014823
537,0.000103259182145,0.881578947368,0.865671641791,0.0400693485518
538,0.000107868171171,0.871261378414,0.85223880597,0.0237036223352
539,3.57691665617e-05,0.736263736264,0.641791044776,0.0121836796295
540,8.70997446645e-05,0.83645443196,0.80447761194,0.0208707042922
541,0.000124185828584,0.860077021823,0.837313432836,0.0239815158992
542,9.23594052248e-05,0.8375,0.805970149254,0.0213342445753
543,0.000291032108396,0.986745213549,0.986567164179,0.0420685847556
544,0.000215926087119,0.930555555556,0.925373134328,0.0254420666695
545,0.000238629316824,0.949008498584,0.946268656716,0.0283371265639
546,0.000337978468354,1.0,1.0,0.0399173292239
547,0.000218944915695,0.964028776978,0.962686567164,0.0567748712179
548,6.34026943044e-05,0.793838862559,0.740298507463,0.0180517356176
549,0.000250577193446,0.972423802612,0.971641791045,0.0509158112981
550,0.000157688380955,0.881578947368,0.865671641791,0.0268306963514
551,8.06606656063e-05,0.865633074935,0.844776119403,0.0361092285643
552,0.000251243557836,0.972423802612,0.971641791045,0.0399125289215
553,0.000178525249191,0.91156462585,0.902985074627,0.0253302981377
554,0.000177756528727,0.93837535014,0.934328358209,0.0474243050051
555,4.91580498346e-05,0.843828715365,0.814925373134,0.0489803149685
556,7.432088108e-05,0.758776896942,0.682089552239,0.00784722789974
557,0.000225171759399,0.93837535014,0.934328358209,0.0224700817325
558,0.000262316109771,0.978102189781,0.977611940299,0.0536681457167
559,0.000273276492067,0.978102189781,0.977611940299,0.0447296506627
560,0.000321734890522,0.997023809524,0.997014925373,0.0603039940187
561,0.000290884503608,0.991124260355,0.991044776119,0.0758863475762
562,0.0001885752051,0.946327683616,0.94328358209,0.031066143588
563,0.000331052118889,0.997023809524,0.997014925373,0.0461659847104
564,0.000133522312831,0.895721925134,0.883582089552,0.0266838017313
565,1.94485809894e-05,0.703781512605,0.579104477612,0.00928071051925
566,0.000133776487241,0.919067215364,0.911940298507,0.0402950340684
567,0.000112849992166,0.906630581867,0.897014925373,0.0552868525879
568,0.000195493361795,0.934449093445,0.929850746269,0.0325981744064
569,0.000249108204613,0.968208092486,0.967164179104,0.0410827073857
570,0.000142790258536,0.853503184713,0.828358208955,0.0123842571022
571,0.000161248528344,0.917808219178,0.910447761194,0.0310526366861
572,0.000176798175229,0.91280653951,0.90447761194,0.0230800592999
573,0.000313945876459,0.995542347697,0.99552238806,0.0588103618203
574,0.000329253523968,0.995542347697,0.99552238806,0.0387908954746
575,0.000162028338739,0.893333333333,0.880597014925,0.0245440163653
576,0.000318468676167,0.997023809524,0.997014925373,0.0598573050745
577,0.000125895769581,0.900537634409,0.889552238806,0.0271801161749
578,3.5590058441e-05,0.691434468524,0.553731343284,0.00803340423334
579,0.000337978468354,1.0,1.0,0.064080764293
580,4.9486090326e-05,0.706751054852,0.585074626866,0.0043599156275
581,0.000250289512713,0.962643678161,0.961194029851,0.029854269263
582,8.18016439576e-05,0.852417302799,0.826865671642,0.0305961928402
583,0.000303747910891,0.991124260355,0.991044776119,0.0505618888724
584,0.000303638006088,0.989660265879,0.989552238806,0.040350069923
585,0.000225238745649,0.965417867435,0.964179104478,0.0516016697612
586,0.000309808272143,0.991124260355,0.991044776119,0.0362761181844
587,0.000118955999628,0.916552667579,0.908955223881,0.0620146935802
588,9.38373189243e-05,0.882740447958,0.867164179104,0.045507631383
589,0.000191216431912,0.944992947814,0.941791044776,0.0598789055852
590,8.91433761998e-05,0.809178743961,0.764179104478,0.0148927856349
591,0.000299610110268,0.983847283407,0.983582089552,0.0452703412972
592,0.000162280443066,0.917808219178,0.910447761194,0.0458544944621
593,0.000206980460251,0.954415954416,0.95223880597,0.0380994233183
594,0.000292885456985,0.983847283407,0.983582089552,0.0373517969467
595,0.00033106349516,0.998509687034,0.998507462687,0.0647807761206
596,0.000292775636048,0.982404692082,0.982089552239,0.0377151711077
597,0.000335247754382,0.998509687034,0.998507462687,0.054910421319
598,0.00022421877627,0.93837535014,0.934328358209,0.0188078523499
599,3.83827711168e-05,0.727470141151,0.625373134328,0.0119246421167
600,5.65223117365e-05,0.713525026624,0.598507462687,0.0115374585097
601,0.000246806051254,0.968208092486,0.967164179104,0.0513943861017
602,0.000207636327074,0.95577746077,0.953731343284,0.0517785531688
603,5.6579328176e-05,0.718884120172,0.608955223881,0.00812362274211
604,0.000315723398261,0.989660265879,0.989552238806,0.0358481039025
605,0.0001683059503,0.916552667579,0.908955223881,0.0264219272094
606,0.000337978468354,1.0,1.0,0.0703778095241
607,0.00028915606946,0.982404692082,0.982089552239,0.041258856973
608,8.46313365829e-05,0.856777493606,0.832835820896,0.00840303565518
609,5.74630742005e-05,0.724324324324,0.619402985075,0.0148970187351
610,0.000105442878126,0.854591836735,0.829850746269,0.0191044970429
611,0.000171831339008,0.894526034713,0.882089552239,0.0232373726723
612,0.000177009515575,0.931849791377,0.926865671642,0.0370947783971
613,0.000249437831546,0.962643678161,0.961194029851,0.0261702001403
614,0.000313602971882,0.992592592593,0.992537313433,0.0481479879014
615,0.00010811744506,0.867875647668,0.84776119403,0.0256005267508
616,0.000201637266813,0.933147632312,0.928358208955,0.033899668174
617,0.000118962125347,0.863402061856,0.841791044776,0.0183288752044
618,9.64605118077e-05,0.860077021823,0.837313432836,0.0423880764076
619,0.000176230281543,0.914051841746,0.905970149254,0.0233315714281
620,0.000264040853149,0.972423802612,0.971641791045,0.031060233584
621,0.000109622475269,0.882740447958,0.867164179104,0.0343803800735
622,0.000224097422862,0.966810966811,0.965671641791,0.0523580074077
623,0.000337978468354,1.0,1.0,0.0499586039283
624,7.6766926495e-05,0.815085158151,0.773134328358,0.0152858424947
625,0.000273148357022,0.966810966811,0.965671641791,0.0283232972817
626,0.000284020442139,0.988200589971,0.988059701493,0.0584750955223
627,0.000216092841292,0.934449093445,0.929850746269,0.0184974848973
628,8.25370659401e-05,0.874673629243,0.85671641791,0.043818796801
629,0.000127715568576,0.89932885906,0.888059701493,0.0276463474146
630,7.86309536897e-05,0.839598997494,0.808955223881,0.021345288696
631,0.000207389503665,0.941011235955,0.937313432836,0.0383635444368
632,0.00010399869987,0.896921017403,0.885074626866,0.0518836025679
633,5.70401509378e-05,0.779976717113,0.717910447761,0.0169371048964
634,0.000106993219292,0.887417218543,0.873134328358,0.0342990260257
635,7.44425570512e-05,0.830235439901,0.79552238806,0.019711123012
636,0.000112028642692,0.841708542714,0.811940298507,0.01927224253
637,1.8499236284e-05,0.616942909761,0.379104477612,0.00408315676554
638,0.000165621804644,0.926694329184,0.920895522388,0.0436206012367
639,9.0675177851e-05,0.840652446675,0.810447761194,0.0220961707069
640,0.000233214062089,0.959885386819,0.958208955224,0.049786278319
641,4.40007251161e-05,0.733041575492,0.635820895522,0.00915048978078
642,9.03240573686e-05,0.852417302799,0.826865671642,0.0297396647336
643,0.000117849663109,0.838548185232,0.807462686567,0.018686578636
644,4.67954771856e-05,0.752808988764,0.671641791045,0.0122138648016
645,0.000295909481523,0.978102189781,0.977611940299,0.0341326893963
646,0.000238118321729,0.961262553802,0.959701492537,0.0380884570669
647,0.00030164614972,0.988200589971,0.988059701493,0.0332140473904
648,0.000176721423652,0.941011235955,0.937313432836,0.053903014825
649,3.02103494168e-05,0.727470141151,0.625373134328,0.0149447819668
650,7.13595220146e-05,0.83645443196,0.80447761194,0.0266721802393
651,0.000214343990871,0.933147632312,0.928358208955,0.0146580874143
652,0.000153238311359,0.894526034713,0.882089552239,0.0318298248258
653,0.000337978468354,1.0,1.0,0.0702765585011
654,0.000226642979855,0.961262553802,0.959701492537,0.0396308437865
655,0.000194966045363,0.894526034713,0.882089552239,0.0188365415047
656,8.58463617584e-05,0.885072655218,0.870149253731,0.0503007642993
657,0.000209949814248,0.949008498584,0.946268656716,0.0396838540771
658,0.000225359543467,0.962643678161,0.961194029851,0.0532964184856
659,0.000142524190806,0.914051841746,0.905970149254,0.0252760962084
660,0.000114617251656,0.841708542714,0.811940298507,0.0196506818885
661,0.000127818370838,0.906630581867,0.897014925373,0.051730177042
662,4.6056350635e-05,0.828182941904,0.792537313433,0.019135049988
663,0.000329855297016,0.998509687034,0.998507462687,0.0529976128895
664,0.000333077040329,0.998509687034,0.998507462687,0.0502638825273
665,0.000104923178831,0.889774236388,0.876119402985,0.0508427359124
666,0.000129756856979,0.901749663526,0.891044776119,0.0402858257247
667,8.72765071714e-05,0.854591836735,0.829850746269,0.0282606809264
668,0.000125132620718,0.873533246415,0.855223880597,0.0181353695542
669,0.000156409149361,0.931849791377,0.926865671642,0.0429908848073
670,0.000283196540695,0.983847283407,0.983582089552,0.0554068436623
